ALTER TABLE USR_GESTAO_HOTEL_CLIENTES MODIFY (TELEFONE VARCHAR2(20));

BEGIN

    INSERT INTO USR_GESTAO_HOTEL_CLIENTES (CLIENTE_ID, NOME, EMAIL, TELEFONE) VALUES
    (1, 'João Silva', 'joao.silva@email.com', '+55 13 95510-6785');
    INSERT INTO USR_GESTAO_HOTEL_CLIENTES (CLIENTE_ID, NOME, EMAIL, TELEFONE) VALUES
    (2, 'Maria Oliveira', 'maria.oliveira@email.com', '+55 21 95003-2790');
    INSERT INTO USR_GESTAO_HOTEL_CLIENTES (CLIENTE_ID, NOME, EMAIL, TELEFONE) VALUES
    (3, 'Carlos Pereira', 'carlos.pereira@email.com', '+55 21 96785-1943');


    INSERT INTO USR_GESTAO_HOTEL_QUARTOS (QUARTO_ID, NUMERO, TIPO, PRECO_DIARIA) VALUES
    (1, '101', 'Simples', 150.00);
    INSERT INTO USR_GESTAO_HOTEL_QUARTOS (QUARTO_ID, NUMERO, TIPO, PRECO_DIARIA) VALUES
    (2, '102', 'Duplo', 230.00);
    INSERT INTO USR_GESTAO_HOTEL_QUARTOS (QUARTO_ID, NUMERO, TIPO, PRECO_DIARIA) VALUES
    (3, '201', 'Suite', 500.00);


    INSERT INTO USR_GESTAO_HOTEL_RESERVAS (RESERVA_ID, CLIENTE_ID, QUARTO_ID, DATA_CHECKIN, DATA_CHECKOUT, STATUS) 
    VALUES (1, 1, 1, TO_DATE('09-12-2024', 'DD-MM-YYYY'), TO_DATE('01-01-2025', 'DD-MM-YYYY'), 'Confirmada');
    
  
    INSERT INTO USR_GESTAO_HOTEL_RESERVAS (RESERVA_ID, CLIENTE_ID, QUARTO_ID, DATA_CHECKIN, DATA_CHECKOUT, STATUS) 
    VALUES (2, 2, 2, TO_DATE('30-08-2024', 'DD-MM-YYYY'), TO_DATE('05-09-2024', 'DD-MM-YYYY'), 'Check-out');
    
    -- Inserindo outra reserva sem erro
    INSERT INTO USR_GESTAO_HOTEL_RESERVAS (RESERVA_ID, CLIENTE_ID, QUARTO_ID, DATA_CHECKIN, DATA_CHECKOUT, STATUS) 
    VALUES (3, 3, 3, TO_DATE('06-06-2012', 'DD-MM-YYYY'), TO_DATE('06-06-2026', 'DD-MM-YYYY'), 'Cancelada');


    INSERT INTO USR_GESTAO_HOTEL_PEDIDOS (PEDIDO_ID, CLIENTE_ID, DATA_PEDIDO, TOTAL, STATUS) 
    VALUES (1, 1, TO_TIMESTAMP('09-12-2024 22:00:00', 'DD-MM-YYYY HH24:MI:SS'), 100.00, 'Pago');
    INSERT INTO USR_GESTAO_HOTEL_PEDIDOS (PEDIDO_ID, CLIENTE_ID, DATA_PEDIDO, TOTAL, STATUS) 
    VALUES (2, 2, TO_TIMESTAMP('05-11-2024 11:15:00', 'DD-MM-YYYY HH24:MI:SS'), 150.00, 'Pago');
    INSERT INTO USR_GESTAO_HOTEL_PEDIDOS (PEDIDO_ID, CLIENTE_ID, DATA_PEDIDO, TOTAL, STATUS) 
    VALUES (3, 3, TO_TIMESTAMP('06-06-2025 06:33:00', 'DD-MM-YYYY HH24:MI:SS'), 200.00, 'Pendente');


    INSERT INTO USR_GESTAO_HOTEL_ITENS_PEDIDO (ITEM_PEDIDO_ID, PEDIDO_ID, NOME_ITEM, QUANTIDADE, PRECO_UNITARIO) 
    VALUES (1, 1, 'Refrigerante', 2, 5.00);
    INSERT INTO USR_GESTAO_HOTEL_ITENS_PEDIDO (ITEM_PEDIDO_ID, PEDIDO_ID, NOME_ITEM, QUANTIDADE, PRECO_UNITARIO) 
    VALUES (2, 1, 'Pastel', 1, 15.00);
    INSERT INTO USR_GESTAO_HOTEL_ITENS_PEDIDO (ITEM_PEDIDO_ID, PEDIDO_ID, NOME_ITEM, QUANTIDADE, PRECO_UNITARIO) 
    VALUES (3, 2, 'Suco', 1, 7.00);
    INSERT INTO USR_GESTAO_HOTEL_ITENS_PEDIDO (ITEM_PEDIDO_ID, PEDIDO_ID, NOME_ITEM, QUANTIDADE, PRECO_UNITARIO) 
    VALUES (4, 2, 'Pizza', 1, 40.00);
    INSERT INTO USR_GESTAO_HOTEL_ITENS_PEDIDO (ITEM_PEDIDO_ID, PEDIDO_ID, NOME_ITEM, QUANTIDADE, PRECO_UNITARIO) 
    VALUES (5, 3, 'Água', 3, 3.00);
    INSERT INTO USR_GESTAO_HOTEL_ITENS_PEDIDO (ITEM_PEDIDO_ID, PEDIDO_ID, NOME_ITEM, QUANTIDADE, PRECO_UNITARIO) 
    VALUES (6, 3, 'Feijoada', 2, 25.00);

    COMMIT;
EXCEPTION
    WHEN OTHERS THEN
        ROLLBACK;
        RAISE;
END;
/
